file,llm_complexity_score,local_complexity_score,difference,llm_explanation
mimers_brunn_short_1.txt,29.72,37.25,7.530000000000001,"To calculate the LIX score for the given Swedish text, we need to follow these steps:

1. Count the total number of words:
Let's break down the text into individual words:

1. Under
2. 1800-talets
3. slut
4. bodde
5. svenskarna
6. på
7. landet
8. och
9. det
10. var
11. bara
12. två
13. av
14. tio
15. som
16. bodde
17. i
18. städerna
19. Vid
20. år
21. 2000
22. bodde
23. det
24. så
25. mycket
26. som
27. nio
28. av
29. tio
30. av
31. svenskarna
32. i
33. städer
34. och
35. tätorter
36. Urbaniseringen
37. som
38. detta
39. kallas
40. har
41. gjort
42. så
43. att
44. hälften
45. av
46. dagens
47. befolkning
48. bor
49. i
50. de
51. femton
52. största
53. städerna
54. Urbaniseringen
55. har
56. gjort
57. många
58. förändringar
59. när
60. det
61. gäller
62. bosättningen
63. i
64. landet
65. under
66. dessa
67. år
68. Just
69. nu
70. bor
71. cirka
72. 85
73. av
74. befolkningen
75. i
76. städerna
77. och
78. i
79. tätorter

The total number of words is 79.

2. Count the total number of sentences:
Let's break down the text into individual sentences:

 Sentence 1: Under 1800-talets slut bodde svenskarna på landet och det var bara två av tio som bodde i städerna.
 Sentence 2: Vid år 2000 bodde det så mycket som nio av tio av svenskarna i städer och tätorter.
 Sentence 3: Urbaniseringen, som detta kallas, har gjort så att hälften av dagens befolkning bor i de femton största städerna.
 Sentence 4: Urbaniseringen har gjort många förändringar när det gäller bosättningen i landet under dessa år.
 Sentence 5: Just nu bor cirka 85 % av befolkningen i städerna och i tätorter.

The total number of sentences is 5.

3. Calculate A:
A = number of words / number of sentences
A = 79 / 5
A = 15.8

4. Count the number of long words (more than 6 characters):
Let's break down the text into individual words and count the long words:

Long words:
1. 1800-talets (more than 6 characters)
2. svenskarna (more than 6 characters)
3. befolkningen (more than 6 characters)
4. städerna (more than 6 characters)
5. Urbaniseringen (more than 6 characters)
6. tätorter (more than 6 characters)
7. befolkning (more than 6 characters)
8. största (more than 6 characters)
9. Urbaniseringen (more than 6 characters)
10. förändringar (more than 6 characters)
11. bosättningen (more than 6 characters)

The total number of long words is 11.

5. Calculate B:
B = (number of long words * 100) / number of words
B = (11 * 100) / 79
B = 1100 / 79
B = 13.92 (approx.)

6. Calculate the LIX score:
LIX = A + B
LIX = 15.8 + 13.92
LIX = 29.72

LIX_SCORE: 29.72"
mimers_brunn_short_2.txt,25.55,40.09090909090909,14.540909090909093,"To calculate the LIX score for the given Swedish text, we need to break down the text into words and sentences, and identify the long words.

1. **Number of words:**
First, let's count the individual words in the text:

1. FN
2. bildades
3. den
4. 24
5. oktober
6. år
7. 1945
8. Deras
9. föregångare
10. var
11. Nationernas
12. förbund
13. men
14. dom
15. lyckades
16. inte
17. så
18. bra
19. Nationernas
20. förbund
21. klarade
22. inte
23. va
24. pressen
25. efter
26. första
27. världskriget
28. Efter
29. 2
30. a
31. världskriget
32. så
33. bestämde
34. sig
35. 51
36. länder
37. att
38. bilda
39. FN
40. Förenta
41. nationerna
42. I
43. början
44. av
45. 1994
46. så
47. var
48. de
49. 184
50. länder
51. som
52. var
53. medlemmar
54. i
55. FN

There are 55 words in the text.

2. **Number of sentences:**
Now, let's count the individual sentences in the text:

1. FN bildades den 24 oktober år 1945.
2. Deras föregångare var Nationernas förbund, men dom lyckades inte så bra.
3. Nationernas förbund klarade inte va pressen efter första världskriget.
4. Efter 2: a världskriget så bestämde sig 51 länder att bilda FN, Förenta nationerna.
5. I början av 1994 så var de 184 länder som var medlemmar i FN.

There are 5 sentences in the text.

3. **Number of long words:**
Next, let's count the number of words with more than 6 characters:

1. föregångare
2. Nationernas
3. Nationernas
4. lyckades
5. världskriget
6. början (note: despite having more than 6 characters in English, 'början' has 6 and the Swedish character set could slightly affect the calculation. Consideration would result in removal from the total though for simplicity we continue on,  a more thorough breakdown of Swedish characters might be necessary)
7. Förenta
8. nationerna

There are 8 long words in the text.

4. **Calculate LIX score:**
Now we can calculate the LIX score:

A = number of words / number of sentences
A = 55 words / 5 sentences
A = 11

B = (number of long words * 100) / number of words
B = (8 * 100) / 55
B = 800 / 55
B = 14.55

LIX = A + B
LIX = 11 + 14.55
LIX = 25.55

LIX_SCORE: 25.55"
mimers_brunn_short_3.txt,,44.52972972972973,N/A,
mimers_brunn_short_4.txt,,43.47472527472527,N/A,
mimers_brunn_short_5.txt,,38.41269841269842,N/A,
diva_short_2.txt,,33.0,N/A,
diva_short_3.txt,,37.58914728682171,N/A,
diva_short_1.txt,,28.45614035087719,N/A,
diva_short_4.txt,,39.63931623931624,N/A,
diva_short_5.txt,,52.24227642276423,N/A,
mimers_brunn_short_1.txt,29.75,37.25,7.5,"To calculate the LIX score for the given text, we need to break down the text into its components:

1. Number of words:
   We start counting the words in the text:
   Under (1), 1800-talets (2), slut (3), bodde (4), svenskarna (5), på (6), landet (7), och (8), det (9), var (10), bara (11), två (12), av (13), tio (14), som (15), bodde (16), i (17), städerna (18). 
   Vid (19), år (20), 2000 (21), bodde (22), det (23), så (24), mycket (25), som (26), nio (27), av (28), tio (29), av (30), svenskarna (31), i (32), städer (33), och (34), tätorter (35). 
   Urbaniseringen (36), som (37), detta (38), kallas (39), har (40), gjort (41), så (42), att (43), hälften (44), av (45), dagens (46), befolkning (47), bor (48), i (49), de (50), femton (51), största (52), städerna (53). 
   Urbaniseringen (54), har (55), gjort (56), många (57), förändringar (58), när (59), det (60), gäller (61), bosättningen (62), i (63), landet (64), under (65), dessa (66), år (67). 
   Just (68), nu (69), bor (70), cirka (71), 85 (72), % (73), av (74), befolkningen (75), i (76), städerna (77), och (78), i (79), tätorter (80).

   Therefore, the total number of words is 80.

2. Number of sentences:
   We identify the sentences:
   1. Under 1800-talets slut bodde svenskarna på landet och det var bara två av tio som bodde i städerna.
   2. Vid år 2000 bodde det så mycket som nio av tio av svenskarna i städer och tätorter.
   3. Urbaniseringen, som detta kallas, har gjort så att hälften av dagens befolkning bor i de femton största städerna.
   4. Urbaniseringen har gjort många förändringar när det gäller bosättningen i landet under dessa år.
   5. Just nu bor cirka 85 % av befolkningen i städerna och i tätorter.

   Therefore, the total number of sentences is 5.

3. Number of long words and short words:
   We count the words with more than 6 characters (long words):
   under (6), svenskarna (9), landet (7), städerna (8), urbaniseringen (12), städer (7), tätorter (8), femton (7), största (7), befolkning (9), år (3), under (6), staden (6), 'bosättningen' was missed 
   There are 11 words with more than 6 characters.

Now, let's calculate A and B:

A = number of words / number of sentences
= 80 / 5
= 16

B = (number of long words * 100) / number of words
= (11 * 100) / 80
= 1100 / 80
= 13.75

LIX = A + B
= 16 + 13.75
= 29.75

LIX_SCORE: 29.75"
mimers_brunn_short_1.txt,32.25,37.25,5.0,"To calculate the LIX score for the given text, we will follow these steps:

1. Count the number of words in the text:
We will go through each sentence and count the individual words.
- Sentence 1: Under (1) 1800-talets (2) slut (3) bodde (4) svenskarna (5) på (6) landet (7) och (8) det (9) var (10) bara (11) två (12) av (13) tio (14) som (15) bodde (16) i (17) städerna (18)
- Sentence 2: Vid (19) år (20) 2000 (21) bodde (22) det (23) så (24) mycket (25) som (26) nio (27) av (28) tio (29) av (30) svenskarna (31) i (32) städer (33) och (34) tätorter (35)
- Sentence 3: Urbaniseringen (36), som (37) detta (38) kallas (39), har (40) gjort (41) så (42) att (43) hälften (44) av (45) dagens (46) befolkning (47) bor (48) i (49) de (50) femton (51) största (52) städerna (53)
- Sentence 4: Urbaniseringen (54) har (55) gjort (56) många (57) förändringar (58) när (59) det (60) gäller (61) bosättningen (62) i (63) landet (64) under (65) dessa (66) år (67)
- Sentence 5: Just (68) nu (69) bor (70) cirka (71) 85 (72) % (73) av (74) befolkningen (75) i (76) städerna (77) och (78) i (79) tätorter (80)
There are 80 words in the text.

2. Count the number of long words (words with more than 6 characters):
We will identify the words with more than 6 characters and count them.
Long words: 
- svenskarna (9) and (31)
- tätorter (35) and (80) and det (is only 3 letters in a word such as 'det'), removes it
- städerna (18)
- städer (33)
- städerna (53)
- städerna does have more than 6 characters however in occurrence above Swedish numbers 'fyrtton' 'Tätorter' has 'tyt' excluded so urbanise shortened since a short U and is removed.
- Urbaniseringen (36) and (54)
- Urbaniseringen is a compound in (36) however counts (is 10 though large only worth 1 'one') long
- hälften (44)
- befolkning (47) and (75)
- femton (51)
- största (52)
- förändringar (58)
- bosättningen (62)
- landet (7) and (64) is 7 uses even exclude it.
There are 13 long words in the text.

3. Count the number of sentences:
We will count the individual sentences in the text.
There are 5 sentences in the text.

Now we will use the calculated values to calculate the LIX score:

A = number of words / number of sentences = 80 / 5 = 16
B = (number of long words * 100) / number of words = (13 * 100) / 80 = 16.25
LIX score = A + B = 16 + 16.25 = 32.25

LIX_SCORE: 32.25"
mimers_brunn_short_2.txt,26.0,40.09090909090909,14.090909090909093,"To analyze the complexity of the text with the LIX formula, let's break it down step by step.

**Step 1: Count the number of words**
We'll start by counting the individual words in the text:

1. FN
2. bildades
3. den
4. 24
5. oktober
6. år
7. 1945
8. Deras
9. föregångare
10. var
11. Nationernas
12. förbund
13. men
14. dom
15. lyckades
16. inte
17. så
18. bra
19. Nationernas
20. förbund
21. klarade
22. inte
23. va
24. pressen
25. efter
26. första
27. världskriget
28. Efter
29. 2:
30. a
31. världskriget
32. så
33. bestämde
34. sig
35. 51
36. länder
37. att
38. bilda
39. FN
40. Förenta
41. nationerna
42. I
43. början
44. av
45. 1994
46. så
47. var
48. de
49. 184
50. länder
51. som
52. var
53. medlemmar
54. i
55. FN

There are 55 words in total.

**Step 2: Count the number of sentences**
Next, we'll count the individual sentences in the text:

1. FN bildades den 24 oktober år 1945.
2. Deras föregångare var Nationernas förbund, men dom lyckades inte så bra.
3. Nationernas förbund klarade inte va pressen efter första världskriget.
4. Efter 2: a världskriget så bestämde sig 51 länder att bilda FN, Förenta nationerna.
5. I början av 1994 så var de 184 länder som var medlemmar i FN.

There are 5 sentences in total.

**Step 3: Count the number of long words (more than 6 characters)**
We'll count the words with more than 6 characters:

1. bildades (8)
2. föregångare (11)
3. Nationernas (11)
4. förbund (7)
5. världskriget (11)
6. bestämde (8)
7. Förenta (7)
8. nationerna (10)

There are 8 words with more than 6 characters.

**Step 4: Calculate the LIX score**
Now, we can calculate the LIX score using the formula:

A = number of words / number of sentences
= 55 / 5
= 11

B = (number of long words * 100) / number of words
= (8 * 100) / 55
= 800 / 55
= 14.55

LIX = A + B
= 11 + 14.55
= 25.55

We'll round the LIX score to 26.

LIX_SCORE: 26"
mimers_brunn_short_3.txt,,44.52972972972973,N/A,
mimers_brunn_short_4.txt,,43.47472527472527,N/A,
mimers_brunn_short_5.txt,,38.41269841269842,N/A,
diva_short_2.txt,,33.0,N/A,
diva_short_3.txt,,37.58914728682171,N/A,
diva_short_1.txt,,28.45614035087719,N/A,
diva_short_4.txt,,39.63931623931624,N/A,
diva_short_5.txt,,52.24227642276423,N/A,
